InvoiceNo,StockCode,Description,Quantity,InvoiceDate,UnitPrice,CustomerID,Country
536365,85123A,WHITE HANGING HEART T-LIGHT HOLDER,6,2010-12-01 08:26:00,2.55,17850,United Kingdom
536365,71053,WHITE METAL LANTERN,6,2010-12-01 08:26:00,3.39,17850,United Kingdom
536365,84406B,CREAM CUPID HEARTS COAT HANGER,8,2010-12-01 08:26:00,2.75,17850,United Kingdom
536366,22633,HAND WARMER UNION JACK,6,2010-12-01 08:28:00,1.85,17850,UK
536366,22632,HAND WARMER RED POLKA DOT,6,2010-12-01 08:28:00,1.85,17850,United Kingdom
536367,84879,ASSORTED COLOUR BIRD ORNAMENT,32,2010-12-01 08:34:00,1.69,13047,United Kingdom
536367,22745,POPPY'S PLAYHOUSE BEDROOM,6,2010-12-01 08:34:00,2.10,13047, United Kingdom 
536368,22748,POPPY'S PLAYHOUSE KITCHEN,6,2010-12-01 08:35:00,2.10,,United Kingdom
536368,22749,,6,2010-12-01 08:35:00,2.95,13047,United Kingdom
536369,21754,HOME BUILDING BLOCK WORD,3,2010-12-01 08:45:00,5.95,12583,United Kingdom
536370,21755,LOVE BUILDING BLOCK WORD,3,2010-12-01 08:46:00,5.95,12583,United Kingdom
536371,85183B,WHITE TEA CANDLE,12,2010-12-01 08:47:00,0.00,13748,United Kingdom
536372,22423,REGENCY CAKESTAND 3 TIER,2,2010-12-01 08:48:00,12.75,13748,United Kingdom
536373,22423,REGENCY CAKESTAND 3 TIER,2,2010-12-01 08:48:00,12.75,13748,United Kingdom
536374,85099B,JUMBO BAG RED RETROSPOT,10,2010-12-01 08:50:00,1.95,15100,United Kingdom
536375,85099F,JUMBO BAG STRAWBERRY,10,2010-12-01 08:51:00,1.95,15100,U.K.
536376,20725,LUNCH BAG RED RETROSPOT,10,2010-12-01 08:52:00,1.65,15100,United Kingdom
536377,20726,LUNCH BAG WOODLAND,10,2010-12-01 08:53:00,1.65,15100,United Kingdom
536378,21212,PACK OF 72 RETROSPOT CAKE CASES,24,2010-12-01 08:55:00,0.55,,United Kingdom
536379,21213,PACK OF 60 PINK PAISLEY CAKE CASES,24,2010-12-01 08:56:00,0.55,14527,United Kingdom
536380,22086,PAPER CHAIN KIT 50'S CHRISTMAS,12,2010-12-01 09:00:00,2.95,14527,United Kingdom
536381,22114,HOT WATER BOTTLE TEA AND SYMPATHY,4,2010-12-01 09:05:00,3.95,14527,United Kingdom
536382,22115,HEART OF WICKER SMALL,6,2010-12-01 09:10:00,2.95,14527,United Kingdom
536383,22116,HEART OF WICKER LARGE,6,2010-12-01 09:15:00,2.95,14527,United Kingdom
536384,22457,NATURAL SLATE HEART CHALKBOARD,4,2010-12-01 09:20:00,2.95,14527,United Kingdom
536385,22556,PLASTERS IN TIN CIRCUS PARADE,12,2010-12-01 09:25:00,1.65,14527,United Kingdom
536386,22557,PLASTERS IN TIN SPACEBOY,12,2010-12-01 09:30:00,1.65,14527,United Kingdom
536387,22629,SPACEBOY LUNCH BOX,6,2010-12-01 09:35:00,1.95,14527,United Kingdom
536388,22630,DOLLY GIRL LUNCH BOX,6,2010-12-01 09:40:00,1.95,14527,United Kingdom
536389,22631,CIRCUS PARADE LUNCH BOX,0,2010-12-01 09:45:00,1.95,14527,United Kingdom
536390,22834,HAND WARMER BABUSHKA,6,2010-12-01 09:50:00,-1.50,14527,United Kingdom
536391,22835,HOT WATER BOTTLE I AM SO POORLY,8,2010-12-01 09:55:00,4.95,14527,United Kingdom
536392,22837,HOT WATER BOTTLE BABUSHKA,4,2010-12-01 10:00:00,4.95,14527,France
536393,22910,PAPER CHAIN KIT VINTAGE CHRISTMAS,6,2010-12-01 10:05:00,2.95,14688,France
536394,22952,60 CAKE CASES VINTAGE CHRISTMAS,24,2010-12-01 10:10:00,0.55,14688, france 
536395,22960,JAM MAKING SET WITH JARS,6,2010-12-01 10:15:00,4.25,14688,France
536396,22961,JAM MAKING SET PRINTED,6,2010-12-01 10:20:00,1.45,14688,France
536397,22962,JAM MAKING SET,999,2010-12-01 10:25:00,4.95,14688,France
536398,22963,Jam Making Set,6,2010-12-01 10:30:00,4.95,14688,France
536399,22964,  JAM MAKING SET  ,6,2010-12-01 10:35:00,4.95,14688,France
536400,22965,CHRISTMAS STAR WISH LIST,12,2010-12-01 10:40:00,0.42,14911,Germany
536401,22966,GINGHAM HEART DECORATION,12,2010-12-01 10:45:00,0.85,14911,Germany
536402,22967,SET OF 3 HEART COOKIE CUTTERS,12,2010-12-01 10:50:00,2.10,14911,Germany
536403,22968,,8,2010-12-01 10:55:00,2.95,14911,Germany
536404,22969,RED RETROSPOT PEG BAG,6,2010-12-01 11:00:00,2.10,,Germany
536405,22970,RED RETROSPOT PICNIC BAG,6,2010-12-01 11:05:00,2.95,14911,Germany
536406,22971,RED RETROSPOT SHOPPER BAG,6,2010-12-01 11:10:00,2.95,14911,Germany
536407,22972,RED RETROSPOT APRON,6,2010-12-01 11:15:00,2.95,14911,Germany
536408,22973,RED RETROSPOT CHILD APRON,6,2010-12-01 11:20:00,2.95,14911,Germany
536409,22974,RED RETROSPOT OVEN GLOVE,6,2010-12-01 11:25:00,2.95,14911,Germany
536410,22975,BLUE RETROSPOT APRON,6,2010-12-01 11:30:00,2.95,14911,Germany
536411,22976,BLUE RETROSPOT CHILD APRON,6,2010-12-01 11:35:00,2.95,14911,Germany
536412,22977,BLUE RETROSPOT OVEN GLOVE,6,2010-12-01 11:40:00,2.95,14911,Germany
536413,22978,BLUE RETROSPOT SHOPPER BAG,6,2010-12-01 11:45:00,2.95,,Germany
536414,22979,BLUE RETROSPOT PEG BAG,8,2010-12-01 11:50:00,2.10,14911, Germany 
536415,22980,BLUE RETROSPOT PICNIC BAG,6,2010-12-01 11:55:00,2.95,14911,GERMANY
536416,22981,VINTAGE DOILY JUMBO BAG,12,2010-12-01 12:00:00,2.25,15601,Spain
536417,22982,vintage doily jumbo bag,12,2010-12-01 12:05:00,2.25,15601,Spain
536418,22983,  VINTAGE DOILY JUMBO BAG  ,12,2010-12-01 12:10:00,2.25,15601,Spain
536419,22984,,6,2010-12-01 12:15:00,1.95,15601,Spain
536420,22985,WOODEN PICTURE FRAME,5,2010-12-01 12:20:00,4.50,15601,Spain
536421,22986,WOODEN PHOTO FRAME,0,2010-12-01 12:25:00,4.50,15601,Spain
536422,22987,WOODEN MIRROR,2,2010-12-01 12:30:00,8.95,15601,Spain
536423,22988,WOODEN LANTERN,4,2010-12-01 12:35:00,0.00,15601,Spain
536424,22989,WOODEN CLOCK,4,2010-12-01 12:40:00,-5.95,15601,Spain
536425,22990,HEART CUSHION,10,2010-12-01 12:45:00,3.95,,EIRE
536426,22991,STAR CUSHION,10,2010-12-01 12:50:00,3.95,12791,Ireland
536427,22992,TREE CUSHION,10,2010-12-01 12:55:00,3.95,12791,ireland
536428,22993,SNOWFLAKE CUSHION,10,2010-12-01 13:00:00,3.95,12791, Ireland 
536429,22994,CHRISTMAS CUSHION,10,2010-12-01 13:05:00,3.95,12791,Eire
536430,22995,RED GLASS T-LIGHT HOLDER,25,2010-12-01 13:10:00,1.25,17420,France
536431,22996,GREEN GLASS T-LIGHT HOLDER,25,2010-12-01 13:15:00,1.25,17420,France
536432,22997,BLUE GLASS T-LIGHT HOLDER,25,2010-12-01 13:20:00,1.25,17420,France
536433,22998,WHITE GLASS T-LIGHT HOLDER,25,2010-12-01 13:25:00,1.25,17420,France
536434,22999,BLACK GLASS T-LIGHT HOLDER,25,2010-12-01 13:30:00,1.25,17420,France
536435,23000,METAL HEART LANTERN,5000,2010-12-01 13:35:00,3.50,17420,France
536436,23001,METAL STAR LANTERN,4,2010-12-01 13:40:00,999.99,17420,France
536437,23002,METAL TREE LANTERN,4,2010-12-01 13:45:00,3.50,17420,France
536438,23003,METAL HOUSE LANTERN,4,2010-12-01 13:50:00,3.50,17420,France
536439,23004,METAL SNOW LANTERN,4,2010-12-01 13:55:00,3.50,17420,France
536440,23005,SET OF 3 CANDLES,12,2010-12-01 14:00:00,2.95,15880,Belgium
536441,23006,SET OF 6 CANDLES,12,2010-12-31 14:05:00,2.95,15880,Belgium
536442,23007,SET OF 9 CANDLES,12,01-12-2010 14:10:00,2.95,15880,Belgium
536443,23008,SET OF 12 CANDLES,12,2010/12/01 14:15,2.95,15880,Belgium
536444,23009,SET OF 24 CANDLES,12,2010-12-01 14:20:00,2.95,15880,Belgium
536445,23010,,8,2010-12-01 14:25:00,1.95,15880,Belgium
536446,23011,   ,8,2010-12-01 14:30:00,1.95,15880,Belgium
536447,23012,,8,2010-12-01 14:35:00,1.95,,Belgium
536448,23013,CERAMIC BOWL,8,2010-12-01 14:40:00,1.95,15880,Belgium
536449,23014,CERAMIC BOWL,8,2010-12-01 14:40:00,1.95,15880,Belgium
536450,23015,GLASS VASE,2,2010-12-01 14:45:00,12.50,16422,Netherlands
536451,23016,GLASS VASE,2,2010-12-01 14:45:00,12.50,16422,Netherlands
536452,23017,Glass Vase,2,2010-12-01 14:50:00,12.50,16422,The Netherlands
536453,23018, GLASS VASE ,2,2010-12-01 14:55:00,12.50,16422,Netherlands 
536454,23019,GLASS FLOWER POT,6,2010-12-01 15:00:00,7.95,16422,Netherlands
536455,23020,WOODEN TOY CAR,15,2010-12-01 15:05:00,4.95,16422,Netherlands
536456,23021,WOODEN TOY TRAIN,15,2010-12-01 15:10:00,4.95,,Netherlands
536457,23022,WOODEN TOY PLANE,15,2010-12-01 15:15:00,4.95,16422,Netherlands
536458,23023,WOODEN TOY BOAT,15,2010-12-01 15:20:00,0.00,16422,Netherlands
536459,23024,WOODEN TOY HELICOPTER,15,2010-12-01 15:25:00,4.95,16422,Netherlands
536510,23074,RED CUSHION COVER,12,2010-12-01 19:20:00,4.95,16210,United Kingdom
536511,23075,BLUE CUSHION COVER,12,2010-12-01 19:25:00,4.95,16210,United Kingdom
536512,23076,GREEN CUSHION COVER,12,2010-12-01 19:30:00,4.95,16210,United Kingdom
536513,23077,YELLOW CUSHION COVER,12,2010-12-01 19:35:00,4.95,,United Kingdom
536514,23078, BLACK CUSHION COVER ,12,2010-12-01 19:40:00,4.95,16210,United Kingdom
536515,23079,CERAMIC PLATE,24,2010-12-01 19:45:00,2.75,16210,United Kingdom
536516,23080,ceramic plate,24,2010-12-01 19:50:00,2.75,16210,United Kingdom
536517,23081,CERAMIC PLATE ,24,2010-12-01 19:55:00,2.75,16210,United Kingdom
536518,23082,,24,2010-12-01 20:00:00,2.75,,United Kingdom
536519,23083,CERAMIC BOWL,24,2010-12-01 20:05:00,2.75,16210,United Kingdom
536520,23084,WOODEN SPOON,50,2010-12-01 20:10:00,1.25,17001,Spain
536521,23085,WOODEN FORK,50,2010-12-01 20:15:00,1.25,17001,Spain
536522,23086,WOODEN KNIFE,50,2010-12-01 20:20:00,1.25,17001,Spain
536523,23087,WOODEN CUTLERY SET,0,2010-12-01 20:25:00,1.25,17001,Spain
536524,23088,WOODEN DINNER SET,25,2010-12-01 20:30:00,1.25,17001,Spain
536525,23090,PINK NOTEBOOK,30,2010-12-01 20:35:00,3.99,18022,France
536526,23090,BLUE NOTEBOOK,30,2010-12-01 20:40:00,3.99,18022,France
536527,23091,GREEN NOTEBOOK,30,2010-12-01 20:45:00,3.99,18022,France
536528,23092,RED NOTEBOOK,30,2010-12-01 20:50:00,-3.99,18022,France
536529,23093,WHITE NOTEBOOK,30,2010-12-01 20:55:00,0.00,18022,France
536530,23094,FLOWER POT,5,2010-12-01 21:00:00,8.95,14090,Belgium
536531,23095,Flower Pot,5,2010-12-01 21:05:00,8.95,14090,Belgium
536532,23096, FLOWER POT ,5,2010-12-01 21:10:00,8.95,14090,Belgium
536533,23097,FLOWERPOT,5,2010-12-01 21:15:00,8.95,14090, Belgium 
536534,23098,,5,2010-12-01 21:20:00,8.95,,Belgium
536535,23099,CHOCOLATE BOX,10,2010-12-01 21:25:00,12.50,15020,Germany
536536,23100,CHOCOLATE BOX,10,2010-12-01 21:25:00,12.50,15020,Germany
536537,23101,CHOCOLATE BOX,999,2010-12-01 21:30:00,12.50,15020,Germany
536538,23102,CHOCOLATE BOX,10,2010-12-01 21:35:00,999.00,15020,Germany
536539,23103,CHOCOLATE BOX,10,2010-12-01 21:40:00,12.50,,Germany
536540,23104,TEDDY BEAR,4,2010-12-01 21:45:00,9.95,13333,Ireland
536541,23105,TEDDY BEAR SMALL,4,2010-12-01 21:50:00,9.95,13333,IRELAND
536542,23106,TEDDY BEAR LARGE,4,2010-12-01 21:55:00,9.95,13333, Ireland 
536543,23107,TEDDY-BEAR,4,2010-12-01 22:00:00,9.95,13333,EIRE
536544,23108,,4,2010-12-01 22:05:00,9.95,,Ireland
536545,ab101,GLASS JAR,18,2010-12-01 22:10:00,2.50,14500,Netherlands
536546,AB102,GLASS BOTTLE,18,2010-12-01 22:15:00,2.50,14500,Netherlands
536547,AB103 ,GLASS CUP,18,2010-12-01 22:20:00,2.50,14500,Netherlands
536548, AB104,GLASS MUG,18,2010-12-01 22:25:00,2.50,14500,Netherlands
536549,AB105,GLASS PLATE,18,2010-12-01 22:30:00,2.50,,The Netherlands
536550 ,23109,CANDLE STAND,6,2010-12-01 22:35:00,5.95,17555,United Kingdom
536550,23110,CANDLE HOLDER,6,2010-12-01 22:40:00,5.95,17555,United Kingdom
536551,23111,CANDLE SET,6,2010-12-01 22:45:00,5.95,17555,United Kingdom
536552,23112,CANDLE SET,6,2010-12-01 22:45:00,5.95,17555,United Kingdom
536553,23113,CANDLE SET,6,2010-12-01 22:45:00,5.95,17555,United Kingdom
536554,23114,MINI LAMP,3,2010-12-01 22:50:00,14.99,19999,Australia
536555,23115,MAXI LAMP,3,2010-12-01 22:55:00,14.99,19999,Australia
536556,23116,SMART LAMP,3,2010-12-01 23:00:00,14.99,19999,Australia
536557,23117,LED LAMP,3,2010-12-01 23:05:00,14.99,,Australia
536558,23118,LED LAMP,3,2010-12-01 23:05:00,14.99,,Australia
